{"cameraMode":{"drawMode":0,"name":"Shaded","section":"Shading Mode"},"sceneLighting":true,"audioPlay":false,"sceneViewState":{"showFog":true,"showMaterialUpdate":false,"showSkybox":true,"showFlares":true,"showImageEffects":true,"showParticleSystems":true},"in2DMode":false,"pivot":{"x":0.8177833557128906,"y":0.6922397613525391,"z":11.264918327331543},"rotation":{"x":0.17667117714881898,"y":-0.4563891887664795,"z":0.0929899513721466,"w":0.867092490196228},"size":11.21377944946289,"orthographic":false}